Name,Alignment,Gender,EyeColor,Race,HairColor,Publisher,SkinColor,Height,Weight
A-Bomb,good,Male,yellow,Human,No Hair,Marvel Comics,-,203,441
Abe Sapien,good,Male,blue,Icthyo Sapien,No Hair,Dark Horse Comics,blue,191,65
Abin Sur,good,Male,blue,Ungaran,No Hair,DC Comics,red,185,90
Abomination,bad,Male,green,Human / Radiation,No Hair,Marvel Comics,-,203,441
Abraxas,bad,Male,blue,Cosmic Entity,Black,Marvel Comics,-,-99,-99
Adam Monroe,good,Male,blue,-,Blond,NBC - Heroes,-,-99,-99
Adam Strange,good,Male,blue,Human,Blond,DC Comics,-,185,88
Agent Bob,good,Male,brown,Human,Brown,Marvel Comics,-,178,81
Agent Zero,good,Male,-,-,-,Marvel Comics,-,191,104
Air-Walker,bad,Male,blue,-,White,Marvel Comics,-,188,108
Alan Scott,good,Male,blue,-,Blond,DC Comics,-,180,90
Alex Woolsly,good,Male,-,-,-,NBC - Heroes,-,-99,-99
Alfred Pennyworth,good,Male,blue,Human,Black,DC Comics,-,178,72
Allan Quatermain,good,Male,-,-,-,Wildstorm,-,-99,-99
Amazo,bad,Male,red,Android,-,DC Comics,-,257,173
Ammo,bad,Male,brown,Human,Black,Marvel Comics,-,188,101
Ando Masahashi,good,Male,-,-,-,NBC - Heroes,-,-99,-99
Angel,good,Male,blue,-,Blond,Marvel Comics,-,183,68
Angel Salvadore,good,Female,brown,-,Black,Marvel Comics,-,163,54
Angela,bad,Female,-,-,-,Image Comics,-,-99,-99
Animal Man,good,Male,blue,Human,Blond,DC Comics,-,183,83
Annihilus,bad,Male,green,-,No Hair,Marvel Comics,-,180,90
Ant-Man,good,Male,blue,Human,Blond,Marvel Comics,-,211,122
Ant-Man II,good,Male,blue,Human,Blond,Marvel Comics,-,183,86
Anti-Monitor,bad,Male,yellow,God / Eternal,No Hair,DC Comics,-,61,-99
Anti-Spawn,bad,Male,-,-,-,Image Comics,-,-99,-99
Anti-Venom,undefined,Male,blue,Symbiote,Blond,Marvel Comics,-,229,358
Apocalypse,bad,Male,red,Mutant,Black,Marvel Comics,grey,213,135
Aquababy,good,Male,blue,-,Blond,DC Comics,-,-99,-99
Aqualad,good,Male,blue,Atlantean,Black,DC Comics,-,178,106
Aquaman,good,Male,blue,Atlantean,Blond,DC Comics,-,185,146
Arachne,good,Female,blue,Human,Blond,Marvel Comics,-,175,63
Archangel,good,Male,blue,Mutant,Blond,Marvel Comics,blue,183,68
Arclight,bad,Female,violet,-,Purple,Marvel Comics,-,173,57
Ares,good,Male,brown,-,Brown,Marvel Comics,-,185,270
Ariel,good,Female,purple,-,Pink,Marvel Comics,-,165,59
Armor,good,Female,black,-,Black,Marvel Comics,-,163,50
Arsenal,good,Male,-,Human,-,DC Comics,-,-99,-99
Astro Boy,good,Male,brown,-,Black,,-,-99,-99
Atlas,good,Male,brown,Mutant,Red,Marvel Comics,-,183,101
Atom,good,Male,blue,-,Red,DC Comics,-,178,68
Atom Girl,good,Female,black,-,Black,DC Comics,-,168,54
Atom II,good,Male,brown,Human,Auburn,DC Comics,-,183,81
Atom III,good,Male,-,-,Red,DC Comics,-,-99,-99
Atom IV,good,Male,brown,-,Black,DC Comics,-,-99,72
Aurora,good,Female,blue,Mutant,Black,Marvel Comics,-,180,63
Azazel,bad,Male,yellow,Neyaphem,Black,Marvel Comics,red,183,67
Azrael,good,Male,brown,Human,Black,DC Comics,-,-99,-99
Aztar,good,Male,-,-,-,DC Comics,-,-99,-99
Bane,bad,Male,-,Human,-,DC Comics,-,203,180
Banshee,good,Male,green,Human,Strawberry Blond,Marvel Comics,-,183,77
Bantam,good,Male,brown,-,Black,Marvel Comics,-,165,54
Batgirl III,good,Female,-,-,-,DC Comics,-,-99,-99
Batgirl IV,good,Female,green,Human,Black,DC Comics,-,165,52
Batgirl V,good,Female,-,-,-,DC Comics,-,-99,-99
Batgirl VI,good,Female,blue,-,Blond,DC Comics,-,168,61
Batman,good,Male,blue,Human,black,DC Comics,-,188,95
Batman II,good,Male,blue,Human,Black,DC Comics,-,178,79
Battlestar,good,Male,brown,-,Black,Marvel Comics,-,198,133
Beak,good,Male,black,-,White,Marvel Comics,-,175,63
Beast,good,Male,blue,Mutant,Blue,Marvel Comics,blue,180,181
Beast Boy,good,Male,green,Human,Green,DC Comics,green,173,68
Beetle,bad,Male,-,-,-,Marvel Comics,-,-99,-99
Ben 10,good,Male,-,-,-,DC Comics,-,-99,-99
Beta Ray Bill,good,Male,-,-,No Hair,Marvel Comics,-,201,216
Beyonder,good,Male,-,God / Eternal,-,Marvel Comics,-,-99,-99
Big Barda,bad,Female,blue,New God,Black,DC Comics,-,188,135
Big Daddy,good,Male,-,-,-,Icon Comics,-,-99,-99
Big Man,bad,Male,blue,-,Brown,Marvel Comics,-,165,71
Bill Harken,good,Male,-,Alpha,-,SyFy,-,-99,-99
Billy Kincaid,bad,Male,-,-,-,Image Comics,-,-99,-99
Binary,good,Female,blue,-,Blond,Marvel Comics,-,180,54
Bird-Brain,good,-,-,-,-,Marvel Comics,-,-99,-99
Bird-Man,bad,Male,-,Human,-,Marvel Comics,-,-99,-99
Bird-Man II,bad,Male,-,Human,-,Marvel Comics,-,-99,-99
Birdman,good,Male,-,God / Eternal,-,Hanna-Barbera,-,-99,-99
Bishop,good,Male,brown,Mutant,No Hair,Marvel Comics,-,198,124
Bizarro,neutral,Male,black,Bizarro,Black,DC Comics,white,191,155
Black Abbott,bad,Male,red,-,Black,Marvel Comics,-,-99,-99
Black Adam,bad,Male,brown,-,Black,DC Comics,-,191,113
Black Bolt,good,Male,blue,Inhuman,Black,Marvel Comics,-,188,95
Black Cat,good,Female,green,Human,Blond,Marvel Comics,-,178,54
Black Goliath,good,Male,-,-,-,Marvel Comics,-,-99,-99
Black Knight III,good,Male,brown,Human,Brown,Marvel Comics,-,183,86
Black Lightning,good,Male,brown,-,No Hair,DC Comics,-,185,90
Black Mamba,bad,Female,green,-,Black,Marvel Comics,-,170,52
Black Panther,good,Male,brown,Human,Black,Marvel Comics,-,183,90
Black Widow,good,Female,green,Human,Auburn,Marvel Comics,-,170,59
Black Widow II,good,Female,blue,-,Blond,Marvel Comics,-,170,61
Blackout,bad,Male,red,Demon,White,Marvel Comics,white,191,104
Blackwing,bad,Male,blue,-,Black,Marvel Comics,-,185,86
Blackwulf,undefined,Male,red,Alien,White,Marvel Comics,-,188,88
Blade,good,Male,brown,Vampire,Black,Marvel Comics,-,188,97
Blaquesmith,good,-,black,-,No Hair,Marvel Comics,-,-99,-99
Bling!,good,Female,-,-,-,Marvel Comics,-,168,68
Blink,good,Female,green,Mutant,Magenta,Marvel Comics,pink,165,56
Blizzard,bad,Male,-,-,-,Marvel Comics,-,-99,-99
Blizzard II,bad,Male,brown,-,Brown,Marvel Comics,-,175,77
Blob,bad,Male,brown,-,Brown,Marvel Comics,-,178,230
Bloodaxe,bad,Female,blue,Human,Brown,Marvel Comics,-,218,495
Bloodhawk,good,Male,black,Mutant,No Hair,Marvel Comics,-,-99,-99
Bloodwraith,bad,Male,white,-,No Hair,Marvel Comics,-,30.5,-99
Blue Beetle,good,Male,blue,-,Brown,DC Comics,-,-99,-99
Blue Beetle II,good,Male,blue,-,Brown,DC Comics,-,183,86
Blue Beetle III,good,Male,brown,Human,Black,DC Comics,-,-99,-99
Bolt,good,Male,-,-,-,Marvel Comics,-,-99,-99
Bomb Queen,bad,Female,-,-,-,Image Comics,-,-99,-99
Boomer,good,Female,-,-,-,Marvel Comics,-,-99,-99
Booster Gold,good,Male,blue,Human,Blond,DC Comics,-,196,97
Box,good,Male,-,-,-,Marvel Comics,-,-99,-99
Box III,good,-,blue,-,Blond,Marvel Comics,-,193,110
Box IV,good,-,brown,-,Brown / Black,Marvel Comics,-,-99,-99
Brainiac,bad,Male,green,Android,No Hair,DC Comics,green,198,135
Brainiac 5,good,Male,green,-,Blond,DC Comics,-,170,61
Brother Voodoo,good,Male,brown,Human,Brown / White,Marvel Comics,-,183,99
Bullseye,bad,Male,blue,Human,blond,Marvel Comics,-,183,90
Bumblebee,good,Female,brown,Human,Black,DC Comics,-,170,59
Bumbleboy,good,Male,-,-,-,Marvel Comics,-,-99,-99
Bushido,good,Male,-,Human,-,DC Comics,-,-99,-99
Cable,good,Male,blue,Mutant,White,Marvel Comics,-,203,158
Callisto,bad,Female,blue,-,Black,Marvel Comics,-,175,74
Cameron Hicks,good,Male,-,Alpha,-,SyFy,-,-99,-99
Cannonball,good,Male,blue,-,Blond,Marvel Comics,-,183,81
Captain America,good,Male,blue,Human,blond,Marvel Comics,-,188,108
Captain Atom,good,Male,blue,Human / Radiation,Silver,DC Comics,silver,193,90
Captain Britain,good,Male,blue,Human,Blond,Marvel Comics,-,198,116
Captain Epic,good,Male,blue,-,Brown,Team Epic TV,-,188,-99
Captain Mar-vell,good,Male,blue,-,Blond,Marvel Comics,-,188,108
Captain Marvel,good,Female,blue,Human-Kree,Blond,Marvel Comics,-,180,74
Captain Marvel II,good,Male,blue,Human,Black,DC Comics,-,175,74
Captain Planet,good,Male,red,God / Eternal,Green,Marvel Comics,-,-99,-99
Captain Universe,good,-,-,God / Eternal,-,Marvel Comics,-,-99,-99
Carnage,bad,Male,green,Symbiote,Red,Marvel Comics,-,185,86
Cat,good,Female,blue,-,Blond,Marvel Comics,-,173,61
Cat II,good,Female,-,-,-,Marvel Comics,-,-99,-99
Catwoman,good,Female,green,Human,Black,DC Comics,-,175,61
Cecilia Reyes,good,-,brown,-,Brown,Marvel Comics,-,170,62
Century,good,Male,white,Alien,White,Marvel Comics,grey,201,97
Cerebra,good,Female,-,Mutant,-,Marvel Comics,-,-99,-99
Chamber,good,Male,brown,Mutant,Brown,Marvel Comics,-,175,63
Chameleon,bad,Male,-,-,-,DC Comics,-,-99,-99
Changeling,bad,Male,brown,-,Black,Marvel Comics,-,180,81
Cheetah II,bad,Female,green,Human,Brown,DC Comics,-,170,55
Cheetah III,bad,Female,brown,Human,Brown,DC Comics,-,175,54
Chromos,bad,Male,brown,-,Red / Grey,Team Epic TV,-,185,86
Chuck Norris,good,Male,-,-,-,,-,178,-99
Claire Bennet,good,Female,blue,-,Blond,NBC - Heroes,-,-99,-99
Clea,good,-,-,-,White,Marvel Comics,-,-99,-99
Cloak,good,Male,brown,-,black,Marvel Comics,-,226,70
Cogliostro,bad,Male,-,-,-,Image Comics,-,-99,-99
Colin Wagner,good,Male,grey,-,Brown,HarperCollins,-,-99,-99
Colossal Boy,good,Male,-,-,-,DC Comics,-,-99,-99
Colossus,good,Male,silver,Mutant,Black,Marvel Comics,-,226,225
Corsair,good,Male,brown,-,Brown,Marvel Comics,-,191,79
Crimson Crusader,good,Male,blue,-,Strawberry Blond,Marvel Comics,-,-99,-99
Crystal,good,Female,green,Inhuman,Red,Marvel Comics,-,168,50
Curse,bad,Male,-,-,-,Image Comics,-,-99,-99
Cy-Gor,bad,Male,-,-,-,Image Comics,-,-99,-99
Cyborg,good,Male,brown,Cyborg,Black,DC Comics,-,198,173
Cyborg Superman,bad,Male,blue,Cyborg,Black,DC Comics,-,-99,-99
Cyclops,good,Male,brown,Mutant,Brown,Marvel Comics,-,191,88
Cypher,good,-,blue,-,Blond,Marvel Comics,-,175,68
Dagger,good,Female,blue,-,Blond,Marvel Comics,-,165,52
Danny Cooper,good,Male,brown,-,Blond,HarperCollins,-,-99,-99
Daphne Powell,good,Female,-,-,-,ABC Studios,-,-99,-99
Daredevil,good,Male,blue,Human,Red,Marvel Comics,-,183,90
Darkhawk,good,Male,brown,Human,Brown,Marvel Comics,-,185,81
Darkman,good,Male,-,-,-,Universal Studios,-,-99,-99
Darkseid,bad,Male,red,New God,No Hair,DC Comics,grey,267,817
Darkside,bad,-,-,-,-,,-,-99,-99
Darkstar,good,Female,brown,Mutant,Blond,Marvel Comics,-,168,56
Dash,good,Male,blue,Human,Blond,Dark Horse Comics,-,122,27
Dazzler,good,Female,blue,Mutant,Blond,Marvel Comics,-,173,52
Deadman,good,Male,blue,Human,Black,DC Comics,-,183,90
Deadpool,neutral,Male,brown,Mutant,No Hair,Marvel Comics,-,188,95
Deadshot,bad,Male,brown,Human,Brown,DC Comics,-,185,91
Deathlok,good,Male,brown,Cyborg,Grey,Marvel Comics,-,193,178
Deathstroke,neutral,Male,blue,Human,White,DC Comics,-,193,101
Demogoblin,bad,Male,red,Demon,No Hair,Marvel Comics,-,185,95
Destroyer,bad,Male,-,-,-,Marvel Comics,-,188,383
DL Hawkins,good,Male,-,-,-,NBC - Heroes,-,-99,-99
Doc Samson,good,Male,blue,Human / Radiation,Green,Marvel Comics,-,198,171
Doctor Doom,bad,Male,brown,Human,Brown,Marvel Comics,-,201,187
Doctor Doom II,bad,Male,brown,-,Brown,Marvel Comics,-,201,132
Doctor Fate,good,Male,blue,Human,Blond,DC Comics,-,188,89
Doctor Octopus,bad,Male,brown,Human,Brown,Marvel Comics,-,175,110
Doctor Strange,good,Male,grey,Human,Black,Marvel Comics,-,188,81
Domino,good,Female,blue,Human,Black,Marvel Comics,white,173,54
Donna Troy,good,Female,blue,Amazon,Black,DC Comics,-,175,63
Doomsday,bad,Male,red,Alien,White,DC Comics,-,244,412
Doppelganger,bad,Male,white,-,No Hair,Marvel Comics,-,196,104
Dormammu,bad,Male,yellow,-,No Hair,Marvel Comics,-,185,-99
Dr Manhattan,good,Male,white,Human / Cosmic,No Hair,DC Comics,blue,-99,-99
Ego,bad,-,-,-,-,Marvel Comics,-,-99,-99
Elastigirl,good,Female,brown,Human,Brown,Dark Horse Comics,-,168,56
Electro,bad,Male,blue,Human,Auburn,Marvel Comics,-,180,74
Elektra,good,Female,blue,Human,Black,Marvel Comics,-,175,59
Elle Bishop,bad,Female,blue,-,Blond,NBC - Heroes,-,-99,-99
Elongated Man,good,Male,blue,-,Red,DC Comics,-,185,80
Emma Frost,good,Female,blue,-,Blond,Marvel Comics,-,178,65
Energy,good,Female,-,-,-,HarperCollins,-,-99,-99
ERG-1,good,Male,-,-,-,DC Comics,-,-99,-99
Evilhawk,bad,Male,red,Alien,Black,Marvel Comics,green,191,106
Exodus,bad,Male,blue,Mutant,Black,Marvel Comics,red,183,88
Fabian Cortez,bad,-,blue,-,Brown,Marvel Comics,-,196,96
Falcon,good,Male,brown,Human,Black,Marvel Comics,-,188,108
Fallen One II,bad,Male,black,-,Blue,Marvel Comics,-,-99,-99
Faora,bad,Female,-,Kryptonian,-,DC Comics,-,-99,-99
Feral,good,-,yellow (without irises),-,Orange / White,Marvel Comics,-,175,50
Fighting Spirit,good,Female,-,-,Red,DC Comics,-,-99,-99
Fin Fang Foom,good,Male,red,Kakarantharaian,No Hair,Marvel Comics,green,975,18
Firebird,good,Female,brown,-,Black,Marvel Comics,-,165,56
Firelord,good,-,white,-,Yellow,Marvel Comics,-,193,99
Firestar,good,Female,green,Mutant,Red,Marvel Comics,-,173,56
Firestorm,good,Male,blue,Human,Auburn,DC Comics,-,188,91
Fixer,bad,-,red,-,No Hair,Marvel Comics,-,-99,-99
Flash Gordon,good,Male,-,-,-,,-,-99,-99
Flash II,good,Male,blue,Human,Blond,DC Comics,-,183,88
Flash III,good,Male,-,Human,-,DC Comics,-,183,86
Flash IV,good,Male,yellow,Human,Auburn,DC Comics,-,157,52
Forge,good,-,brown,-,Black,Marvel Comics,-,183,81
Franklin Richards,good,Male,blue,Mutant,Blond,Marvel Comics,-,142,45
Franklin Storm,good,-,blue,-,Grey,Marvel Comics,-,188,92
Frenzy,bad,Female,brown,-,Black,Marvel Comics,-,211,104
Frigga,good,Female,blue,-,White,Marvel Comics,-,180,167
Galactus,neutral,Male,black,Cosmic Entity,Black,Marvel Comics,-,876,16
Gambit,good,Male,red,Mutant,Brown,Marvel Comics,-,185,81
Garbage Man,good,Male,-,Mutant,-,DC Comics,-,-99,-99
Gary Bell,good,Male,-,Alpha,-,SyFy,-,-99,-99
General Zod,bad,Male,black,Kryptonian,Black,DC Comics,-,-99,-99
Genesis,good,Male,blue,-,Blond,Marvel Comics,-,185,86
Ghost Rider,good,Male,red,Demon,No Hair,Marvel Comics,-,188,99
Ghost Rider II,good,-,-,-,-,Marvel Comics,-,-99,-99
Giant-Man,good,Male,-,Human,-,Marvel Comics,-,-99,-99
Giant-Man II,good,Male,-,-,-,Marvel Comics,-,-99,-99
Giganta,bad,Female,green,-,Red,DC Comics,-,62.5,630
Goblin Queen,bad,Female,green,-,Red,Marvel Comics,-,168,50
Gog,bad,Male,-,-,-,DC Comics,-,-99,-99
Goku,good,Male,-,Saiyan,-,Shueisha,-,175,62
Goliath,good,Male,-,Human,-,Marvel Comics,-,-99,-99
Goliath IV,good,Male,brown,-,Black,Marvel Comics,-,183,90
Granny Goodness,bad,Female,blue,-,White,DC Comics,-,178,115
Gravity,good,Male,blue,Human,Brown,Marvel Comics,-,178,79
Green Arrow,good,Male,green,Human,Blond,DC Comics,-,188,88
Green Goblin,bad,Male,blue,Human,Auburn,Marvel Comics,-,180,83
Green Goblin II,bad,Male,blue,-,Auburn,Marvel Comics,-,178,77
Green Goblin III,good,Male,-,-,-,Marvel Comics,-,183,88
Green Goblin IV,good,Male,green,-,Brown,Marvel Comics,-,178,79
Groot,good,Male,yellow,Flora Colossus,-,Marvel Comics,-,701,4
Guardian,good,Male,brown,Human,Black,Marvel Comics,-,-99,-99
Guy Gardner,good,Male,blue,Human-Vuldarian,Red,DC Comics,-,188,95
Hal Jordan,good,Male,brown,Human,Brown,DC Comics,-,188,90
Hancock,good,Male,brown,Human,Black,Sony Pictures,-,188,-99
Harley Quinn,bad,Female,blue,Human,Blond,DC Comics,-,170,63
Havok,good,Male,blue,Mutant,Blond,Marvel Comics,-,183,79
Hawk,good,Male,red,-,Brown,DC Comics,-,185,89
Hawkeye,good,Male,blue,Human,Blond,Marvel Comics,-,191,104
Hawkeye II,good,Female,blue,Human,Black,Marvel Comics,-,165,57
Hawkgirl,good,Female,green,-,Red,DC Comics,-,175,61
Hawkman,good,Male,blue,-,Brown,DC Comics,-,185,88
Hawkwoman II,good,Female,-,-,-,DC Comics,-,-99,-99
Hawkwoman III,good,Female,blue,-,Red,DC Comics,-,170,65
Hellboy,good,Male,gold,Demon,Black,Dark Horse Comics,-,259,158
Hellcat,good,Female,blue,Human,Red,Marvel Comics,-,173,61
Hellstorm,good,Male,red,-,Red,Marvel Comics,-,185,81
Hercules,good,Male,blue,Demi-God,Brown,Marvel Comics,-,196,146
Hiro Nakamura,good,Male,-,-,-,NBC - Heroes,-,-99,-99
Hit-Girl,good,Female,-,Human,-,Icon Comics,-,-99,-99
Hobgoblin,bad,Male,blue,-,Grey,Marvel Comics,-,180,83
Hollow,good,Female,blue,-,Red,Marvel Comics,-,170,-99
Hope Summers,good,Female,green,-,Red,Marvel Comics,-,168,48
Howard the Duck,good,Male,brown,-,Yellow,Marvel Comics,-,79,18
Hulk,good,Male,green,Human / Radiation,Green,Marvel Comics,green,244,630
Human Torch,good,Male,blue,Human / Radiation,Blond,Marvel Comics,-,178,77
Huntress,good,Female,blue,-,Black,DC Comics,-,180,59
Husk,good,Female,blue,Mutant,Blond,Marvel Comics,-,170,58
Hydro-Man,bad,Male,brown,-,Brown,Marvel Comics,-,188,119
Hyperion,good,Male,blue,Eternal,Red,Marvel Comics,-,183,207
Iceman,good,Male,brown,Mutant,Brown,Marvel Comics,-,173,65
Impulse,good,Male,yellow,Human,Auburn,DC Comics,-,170,65
Ink,good,Male,blue,Mutant,No Hair,Marvel Comics,-,180,81
Invisible Woman,good,Female,blue,Human / Radiation,Blond,Marvel Comics,-,168,54
Iron Fist,good,Male,blue,Human,Blond,Marvel Comics,-,180,79
Iron Man,good,Male,blue,Human,Black,Marvel Comics,-,198,191
Iron Monger,bad,Male,blue,-,No Hair,Marvel Comics,-,-99,2
Isis,good,Female,-,-,-,DC Comics,-,-99,-99
Jack Bauer,good,Male,-,-,-,,-,-99,-99
Jack of Hearts,good,Male,blue / white,Human,Brown,Marvel Comics,-,155,79
Jack-Jack,good,Male,blue,Human,Brown,Dark Horse Comics,-,71,14
Jean Grey,good,Female,green,Mutant,Red,Marvel Comics,-,168,52
Jennifer Kale,good,Female,blue,-,Blond,Marvel Comics,-,168,55
Jessica Sanders,good,Female,-,-,-,NBC - Heroes,-,-99,-99
Jigsaw,bad,Male,blue,-,Black,Marvel Comics,-,188,113
Jim Powell,good,Male,-,-,-,ABC Studios,-,-99,-99
JJ Powell,good,Male,-,-,-,ABC Studios,-,-99,-99
Johann Krauss,good,Male,-,-,-,Dark Horse Comics,-,-99,-99
John Stewart,good,Male,green,Human,Black,DC Comics,-,185,90
John Wraith,good,Male,brown,-,Black,Marvel Comics,-,183,88
Joker,bad,Male,green,Human,Green,DC Comics,white,196,86
Jolt,good,Female,blue,-,Black,Marvel Comics,-,165,49
Jubilee,good,Female,red,Mutant,Black,Marvel Comics,-,165,52
Juggernaut,neutral,Male,blue,Human,Red,Marvel Comics,-,287,855
Junkpile,bad,Male,-,Mutant,-,Marvel Comics,-,-99,-99
Justice,good,Male,hazel,Human,Brown,Marvel Comics,-,178,81
Kang,bad,Male,brown,-,Brown,Marvel Comics,-,191,104
Kevin 11,good,Male,-,Human,Black,DC Comics,-,-99,-99
Kick-Ass,good,Male,blue,Human,Blond,Icon Comics,-,-99,-99
Kid Flash,good,Male,green,Human,Red,DC Comics,-,-99,-99
Kid Flash II,good,Male,-,-,-,DC Comics,-,-99,-99
Killer Croc,bad,Male,red,Metahuman,No Hair,DC Comics,green,244,356
Kilowog,good,Male,red,Bolovaxian,No Hair,DC Comics,pink,234,324
Kingpin,bad,Male,blue,Human,No Hair,Marvel Comics,-,201,203
Klaw,bad,Male,red,Human,No Hair,Marvel Comics,red,188,97
Kool-Aid Man,good,Male,black,-,No Hair,,red,-99,-99
Kraven II,bad,Male,brown,Human,Black,Marvel Comics,-,191,99
Kraven the Hunter,bad,Male,brown,Human,Black,Marvel Comics,-,183,106
Krypto,good,Male,blue,Kryptonian,White,DC Comics,-,64,18
Lady Bullseye,bad,Female,-,-,Black,Marvel Comics,-,-99,-99
Lady Deathstrike,bad,Female,brown,Cyborg,Black,Marvel Comics,-,175,58
Leader,bad,Male,green,-,No Hair,Marvel Comics,-,178,63
Leech,good,Male,-,-,-,Marvel Comics,-,-99,-99
Lex Luthor,bad,Male,green,Human,No Hair,DC Comics,-,188,95
Light Lass,good,Female,blue,-,Red,DC Comics,-,165,54
Lightning Lad,good,Male,blue,-,Red,DC Comics,-,155,65
Lightning Lord,bad,Male,blue,-,Red,DC Comics,-,191,95
Living Brain,bad,-,yellow,-,-,Marvel Comics,-,198,360
Liz Sherman,good,Female,-,-,-,Dark Horse Comics,-,-99,-99
Lizard,bad,Male,red,Human,No Hair,Marvel Comics,-,203,230
Lobo,neutral,Male,red,Czarnian,Black,DC Comics,blue-white,229,288
Loki,bad,Male,green,Asgardian,Black,Marvel Comics,-,193,236
Longshot,good,Male,blue,Human,Blond,Marvel Comics,-,188,36
Luke Cage,good,Male,brown,Human,Black,Marvel Comics,-,198,191
Luke Campbell,bad,Male,-,-,-,NBC - Heroes,-,-99,-99
Luna,good,Female,-,Human,-,Marvel Comics,-,-99,-99
Lyja,good,Female,green,-,Green,Marvel Comics,-,-99,-99
Mach-IV,bad,Male,brown,-,Brown,Marvel Comics,-,180,79
Machine Man,good,-,red,-,Black,Marvel Comics,-,183,383
Magneto,bad,Male,grey,Mutant,White,Marvel Comics,-,188,86
Magog,good,Male,blue,-,Blond,DC Comics,-,-99,-99
Magus,bad,Male,black,-,-,Marvel Comics,-,183,-99
Man-Bat,neutral,Male,brown,Human,Brown,DC Comics,-,-99,-99
Man-Thing,good,Male,red,-,No Hair,Marvel Comics,green,213,225
Man-Wolf,good,Male,brown,-,Auburn,Marvel Comics,-,188,90
Mandarin,bad,Male,blue,Human,White,Marvel Comics,-,188,97
Martian Manhunter,good,Male,red,Martian,No Hair,DC Comics,green,201,135
Marvel Girl,good,Female,green,-,Red,Marvel Comics,-,170,56
Master Brood,good,Male,blue,-,Black,Team Epic TV,-,183,81
Master Chief,good,Male,brown,Human / Altered,Brown,Microsoft,-,213,-99
Match,bad,Male,black,-,Black,DC Comics,-,-99,-99
Matt Parkman,good,Male,-,-,-,NBC - Heroes,-,-99,-99
Maverick,good,Male,blue,-,Black,Marvel Comics,-,193,110
Maxima,bad,Female,brown,-,Red,DC Comics,-,180,72
Maya Herrera,good,Female,-,-,-,NBC - Heroes,-,-99,-99
Medusa,good,Female,green,Inhuman,Red,Marvel Comics,-,180,59
Meltdown,good,Female,blue,-,Blond,Marvel Comics,-,165,54
Mephisto,bad,Male,white,-,Black,Marvel Comics,-,198,140
Mera,good,Female,blue,Atlantean,Red,DC Comics,-,175,72
Metallo,bad,Male,green,Android,Brown,DC Comics,-,196,90
Metamorpho,good,Male,black,-,No Hair,DC Comics,-,185,90
Meteorite,good,Female,-,-,-,Marvel Comics,-,-99,-99
Metron,good,Male,blue,-,Black,DC Comics,-,185,86
Micah Sanders,good,Male,brown,-,Black,NBC - Heroes,-,-99,-99
Micro Lad,good,Male,grey,-,Brown,DC Comics,-,183,77
Mimic,good,Male,brown,-,Brown,Marvel Comics,-,188,101
Minna Murray,good,Female,-,-,-,Wildstorm,-,-99,-99
Misfit,good,Female,blue,-,Red,DC Comics,-,-99,-99
Miss Martian,good,Female,red,-,Red,DC Comics,-,178,61
Mister Fantastic,good,Male,brown,Human / Radiation,Brown,Marvel Comics,-,185,81
Mister Freeze,bad,Male,-,Human,-,DC Comics,-,183,86
Mister Mxyzptlk,bad,Male,-,God / Eternal,-,DC Comics,-,-99,-99
Mister Sinister,bad,Male,red,Human / Altered,Black,Marvel Comics,-,196,128
Mogo,good,Male,-,Planet,-,DC Comics,-,-99,-99
Mohinder Suresh,good,Male,-,-,-,NBC - Heroes,-,-99,-99
Moloch,bad,Male,-,-,-,DC Comics,-,-99,-99
Molten Man,bad,Male,gold,-,Gold,Marvel Comics,-,196,248
Monarch,good,Male,blue,-,White,DC Comics,-,193,90
Monica Dawson,good,Female,-,-,-,NBC - Heroes,-,-99,-99
Moon Knight,good,Male,brown,Human,Brown,Marvel Comics,-,188,101
Moonstone,bad,Female,blue,-,Blond,Marvel Comics,-,180,59
Morlun,bad,Male,white / red,-,Black,Marvel Comics,-,188,79
Morph,good,Male,white,-,No Hair,Marvel Comics,-,178,79
Moses Magnum,bad,Male,brown,-,Black,Marvel Comics,-,175,72
Mr Incredible,good,Male,blue,Human,Blond,Dark Horse Comics,-,201,158
Ms Marvel II,good,Female,blue,-,Red,Marvel Comics,-,173,61
Multiple Man,good,Male,blue,-,Brown,Marvel Comics,-,180,70
Mystique,bad,Female,yellow (without irises),Mutant,Red / Orange,Marvel Comics,blue,178,54
Namor,good,Male,grey,Atlantean,Black,Marvel Comics,-,188,125
Namora,good,Female,blue,-,Blond,Marvel Comics,-,180,85
Namorita,good,Female,blue,-,Blond,Marvel Comics,-,168,101
Naruto Uzumaki,good,Male,-,Human,-,Shueisha,-,168,54
Nathan Petrelli,good,Male,brown,-,-,NBC - Heroes,-,-99,-99
Nick Fury,good,Male,brown,Human,Brown / White,Marvel Comics,-,185,99
Nightcrawler,good,Male,yellow,-,Indigo,Marvel Comics,-,175,88
Nightwing,good,Male,blue,Human,Black,DC Comics,-,178,79
Niki Sanders,good,Female,blue,-,Blond,NBC - Heroes,-,-99,-99
Nina Theroux,good,Female,-,Alpha,-,SyFy,-,-99,-99
Nite Owl II,good,Male,-,-,-,DC Comics,-,-99,-99
Northstar,good,Male,blue,-,Black,Marvel Comics,-,180,83
Nova,good,Male,brown,Human,Brown,Marvel Comics,-,185,86
Offspring,good,Male,-,-,-,DC Comics,-,-99,-99
Omega Red,bad,Male,red,-,Blond,Marvel Comics,-,211,191
Omniscient,good,Male,brown,-,Black,Team Epic TV,-,180,65
Onslaught,bad,Male,red,Mutant,No Hair,Marvel Comics,-,305,405
Osiris,good,Male,brown,-,Brown,DC Comics,-,-99,-99
Overtkill,bad,Male,-,-,-,Image Comics,-,-99,-99
Penance,good,-,-,-,-,Marvel Comics,-,-99,-99
Penance I,good,Female,-,-,-,Marvel Comics,-,-99,-99
Penance II,good,Male,blue,-,Blond,Marvel Comics,-,183,89
Penguin,bad,Male,blue,Human,Black,DC Comics,-,157,79
Peter Petrelli,good,Male,-,-,-,NBC - Heroes,-,-99,-99
Phantom,good,Male,-,-,-,DC Comics,-,-99,-99
Phantom Girl,good,Female,blue,-,Black,DC Comics,-,168,54
Phoenix,good,Female,green,Mutant,Red,Marvel Comics,-,168,52
Plastic Lad,good,Male,-,-,-,DC Comics,-,-99,-99
Plastic Man,good,Male,blue,Human,Black,DC Comics,-,185,80
Plastique,bad,Female,blue,-,Red,DC Comics,-,168,55
Poison Ivy,bad,Female,green,Human,Red,DC Comics,green,168,50
Power Girl,good,Female,blue,Kryptonian,blond,DC Comics,-,180,81
Power Man,good,Male,-,Mutant,-,Marvel Comics,-,-99,-99
Professor X,good,Male,blue,Mutant,No Hair,Marvel Comics,-,183,86
Proto-Goblin,bad,Male,green,-,Blond,Marvel Comics,-,-99,-99
Psylocke,good,Female,blue,Mutant,Purple,Marvel Comics,-,180,70
Punisher,good,Male,blue,Human,Black,Marvel Comics,-,183,90
Pyro,bad,Male,blue,-,Blond,Marvel Comics,-,178,68
Quantum,good,Male,-,-,-,HarperCollins,-,-99,-99
Question,good,Male,blue,Human,Blond,DC Comics,-,188,83
Quicksilver,good,Male,blue,Mutant,Silver,Marvel Comics,-,183,79
Quill,good,Male,brown,-,Brown,Marvel Comics,-,163,56
Ra's Al Ghul,bad,Male,green,Human,Grey,DC Comics,-,193,97
Rachel Pirzad,good,Female,-,Alpha,-,SyFy,-,-99,-99
Raven,neutral,Female,indigo,Human,Black,DC Comics,-,165,50
Razor-Fist II,bad,Male,blue,-,No Hair,Marvel Comics,-,191,117
Red Arrow,good,Male,green,Human,Red,DC Comics,-,180,83
Red Hood,neutral,Male,blue,Human,Black,DC Comics,-,183,81
Red Hulk,neutral,Male,yellow,Human / Radiation,Black,Marvel Comics,red,213,630
Red Mist,bad,Male,-,-,-,Icon Comics,-,-99,-99
Red Robin,good,Male,blue,Human,Black,DC Comics,-,165,56
Red Skull,bad,Male,blue,-,No Hair,Marvel Comics,-,188,108
Red Tornado,good,Male,green,Android,No Hair,DC Comics,-,185,146
Redeemer II,bad,Male,-,-,-,Image Comics,-,-99,-99
Redeemer III,bad,Male,-,-,-,Image Comics,-,-99,-99
Renata Soliz,good,Female,-,-,-,HarperCollins,-,-99,-99
Rhino,bad,Male,brown,Human / Radiation,Brown,Marvel Comics,-,196,320
Rick Flag,bad,Male,blue,-,Brown,DC Comics,-,185,85
Riddler,bad,Male,-,-,-,DC Comics,-,-99,-99
Ripcord,good,Female,green,-,Black,Marvel Comics,-,180,72
Robin II,good,Male,blue,Human,Red,DC Comics,-,183,101
Robin III,good,Male,blue,Human,Black,DC Comics,-,165,56
Robin V,good,Male,blue,Human,Black,DC Comics,-,137,38
Rocket Raccoon,good,Male,brown,Animal,Brown,Marvel Comics,-,122,25
Rogue,good,Female,green,-,Brown / White,Marvel Comics,-,173,54
Ronin,good,Male,blue,Human,Blond,Marvel Comics,-,191,104
Rorschach,good,Male,blue,Human,Red,DC Comics,-,168,63
Sabretooth,bad,Male,amber,Mutant,Blond,Marvel Comics,-,198,171
Sage,good,Female,blue,-,Black,Marvel Comics,-,170,61
Sandman,neutral,Male,brown,Human,Brown,Marvel Comics,-,185,203
Sasquatch,good,Male,red,-,Orange,Marvel Comics,-,305,900
Savage Dragon,good,Male,-,-,-,Image Comics,-,-99,-99
Scarecrow,bad,Male,blue,Human,Brown,DC Comics,-,183,63
Scarlet Spider,good,Male,blue,Human,Blond,Marvel Comics,-,178,74
Scarlet Spider II,good,Male,brown,Clone,Brown,Marvel Comics,-,193,113
Scarlet Witch,bad,Female,blue,Mutant,Brown,Marvel Comics,-,170,59
Scorpia,bad,Female,green,-,Red,Marvel Comics,-,-99,-99
Scorpion,bad,Male,brown,Human,Brown,Marvel Comics,-,211,310
Sentry,neutral,Male,blue,Mutant,Blond,Marvel Comics,-,188,87
Shadow King,good,-,red,-,-,Marvel Comics,-,185,149
Shadowcat,good,Female,hazel,Mutant,Brown,Marvel Comics,-,168,50
Shang-Chi,good,Male,brown,Human,Black,Marvel Comics,-,178,79
Shatterstar,good,Male,brown,-,Red,Marvel Comics,-,191,88
She-Hulk,good,Female,green,Human,Green,Marvel Comics,-,201,315
She-Thing,good,Female,blue,Human / Radiation,No Hair,Marvel Comics,-,183,153
Shocker,bad,Male,brown,Human,Brown,Marvel Comics,-,175,79
Shriek,good,Female,yellow / blue,-,Black,Marvel Comics,-,173,52
Shrinking Violet,good,Female,-,-,-,DC Comics,-,-99,-99
Sif,good,Female,blue,Asgardian,Black,Marvel Comics,-,188,191
Silk Spectre II,good,Female,-,-,-,DC Comics,-,-99,-99
Silver Surfer,good,Male,white,Alien,No Hair,Marvel Comics,silver,193,101
Silverclaw,good,Female,brown,-,Black,Marvel Comics,-,157,50
Sinestro,neutral,Male,black,Korugaran,Black,DC Comics,red,201,92
Siren,bad,Female,blue,Atlantean,Purple,DC Comics,-,175,72
Siren II,bad,Female,black,-,-,DC Comics,-,-99,-99
Siryn,bad,Female,blue,-,Strawberry Blond,Marvel Comics,-,168,52
Skaar,good,Male,green,-,Black,Marvel Comics,-,198,180
Snowbird,good,Female,white,-,Blond,Marvel Comics,-,178,49
Sobek,good,Male,white,-,No Hair,DC Comics,-,-99,-99
Solomon Grundy,bad,Male,black,Zombie,White,DC Comics,-,279,437
Songbird,good,Female,green,-,Red / White,Marvel Comics,-,165,65
Space Ghost,good,Male,-,Human,-,DC Comics,-,188,113
Spawn,good,Male,brown,Demon,Black,Image Comics,-,211,405
Spectre,good,Male,white,God / Eternal,No Hair,DC Comics,white,-99,-99
Speedball,good,Male,-,-,-,Marvel Comics,-,-99,-99
Speedy,good,Female,green,Human,Brown,DC Comics,-,-99,-99
Spider-Carnage,bad,Male,-,Symbiote,-,Marvel Comics,-,-99,-99
Spider-Girl,good,Female,blue,Human,Brown,Marvel Comics,-,170,54
Spider-Man,good,Male,hazel,Human,Brown,Marvel Comics,-,178,74
Spider-Woman,good,Female,green,Human,Black,Marvel Comics,-,178,59
Spider-Woman II,good,Female,-,-,-,Marvel Comics,-,-99,-99
Spider-Woman III,good,Female,brown,-,Brown,Marvel Comics,-,173,55
Spider-Woman IV,bad,Female,red,-,White,Marvel Comics,-,178,58
Spyke,good,Male,brown,Mutant,Blond,Marvel Comics,-,183,83
Stacy X,good,Female,-,-,-,Marvel Comics,-,-99,-99
Stardust,good,Male,-,-,-,Marvel Comics,-,-99,-99
Starfire,good,Female,green,Tamaranean,Auburn,DC Comics,orange,193,71
Stargirl,good,Female,blue,Human,Blond,DC Comics,-,165,62
Steel,good,Male,brown,-,No Hair,DC Comics,-,201,131
Stephanie Powell,good,Female,-,-,Blond,ABC Studios,-,-99,-99
Storm,good,Female,blue,Mutant,White,Marvel Comics,-,180,57
Sunspot,good,Male,brown,Mutant,black,Marvel Comics,-,173,77
Superboy,good,Male,blue,-,Black,DC Comics,-,170,68
Superboy-Prime,bad,Male,blue,Kryptonian,Black / Blue,DC Comics,-,180,77
Supergirl,good,Female,blue,Kryptonian,Blond,DC Comics,-,165,54
Superman,good,Male,blue,Kryptonian,Black,DC Comics,-,191,101
Swamp Thing,bad,Male,red,God / Eternal,No Hair,DC Comics,green,-99,-99
Sylar,bad,Male,-,-,-,NBC - Heroes,-,-99,-99
Synch,good,Male,brown,-,Black,Marvel Comics,-,180,74
Tempest,good,Female,brown,-,Black,Marvel Comics,-,163,54
Thanos,bad,Male,red,Eternal,No Hair,Marvel Comics,purple,201,443
The Cape,good,Male,-,-,-,,-,-99,-99
The Comedian,neutral,Male,brown,Human,Black,DC Comics,-,188,101
Thing,good,Male,blue,Human / Radiation,No Hair,Marvel Comics,-,183,225
Thor,good,Male,blue,Asgardian,Blond,Marvel Comics,-,198,288
Thor Girl,good,Female,blue,Asgardian,Blond,Marvel Comics,-,175,143
Thunderbird,good,Male,brown,-,Black,Marvel Comics,-,185,101
Thunderbird II,good,Male,-,-,-,Marvel Comics,-,-99,-99
Thunderbird III,good,Male,brown,-,Black,Marvel Comics,-,175,74
Thunderstrike,good,Male,blue,-,Blond,Marvel Comics,-,198,288
Thundra,good,Female,green,-,Red,Marvel Comics,-,218,158
Tiger Shark,bad,Male,grey,Human,No Hair,Marvel Comics,grey,185,203
Tigra,good,Female,green,-,Auburn,Marvel Comics,-,178,81
Tinkerer,bad,Male,brown,-,White,Marvel Comics,-,163,54
Titan,good,Male,-,-,-,HarperCollins,-,-99,-99
Toad,neutral,Male,black,Mutant,Brown,Marvel Comics,green,175,76
Toxin,good,Male,black,Symbiote,Blond,Marvel Comics,-,191,117
Tracy Strauss,good,Female,-,-,-,NBC - Heroes,-,-99,-99
Trickster,undefined,Male,blue,Human,Blond,DC Comics,-,183,81
Triplicate Girl,good,Female,purple,-,Brown,DC Comics,-,168,59
Two-Face,bad,Male,-,-,-,DC Comics,-,183,82
Ultragirl,good,Female,blue,-,Blond,Marvel Comics,-,168,105
Ultron,bad,Male,red,Android,-,Marvel Comics,silver,206,331
Utgard-Loki,bad,Male,blue,Frost Giant,White,Marvel Comics,-,15.2,58
Vagabond,good,Female,blue,-,Strawberry Blond,Marvel Comics,-,168,54
Valerie Hart,good,Female,hazel,-,Black,Team Epic TV,-,175,56
Valkyrie,good,Female,blue,-,Blond,Marvel Comics,-,191,214
Vanisher,bad,Male,green,-,No Hair,Marvel Comics,-,165,79
Venom,bad,Male,blue,Symbiote,Strawberry Blond,Marvel Comics,-,191,117
Venom II,bad,Male,brown,-,Black,Marvel Comics,-,175,50
Venom III,bad,Male,brown,Symbiote,Brown,Marvel Comics,-,229,334
Vertigo II,good,Female,blue,-,Silver,Marvel Comics,-,168,52
Vindicator,good,Female,green,Human,Red,Marvel Comics,-,165,54
Violator,bad,Male,-,-,-,Image Comics,-,-99,-99
Vision,good,Male,gold,Android,No Hair,Marvel Comics,red,191,135
Vision II,good,-,red,-,No Hair,Marvel Comics,-,191,135
Vulcan,good,Male,black,-,Black,Marvel Comics,-,-99,-99
Vulture,bad,Male,brown,Human,No Hair,Marvel Comics,-,180,79
Walrus,bad,Male,blue,Human,Black,Marvel Comics,-,183,162
War Machine,good,Male,brown,Human,Brown,Marvel Comics,-,185,95
Warbird,good,Female,blue,-,Blond,Marvel Comics,-,180,54
Warlock,good,Male,red,-,Blond,Marvel Comics,-,188,108
Warp,bad,Male,brown,-,Black,DC Comics,-,173,67
Warpath,good,Male,brown,Mutant,Black,Marvel Comics,-,218,158
Wasp,good,Female,blue,Human,Auburn,Marvel Comics,-,163,50
Watcher,good,Male,-,-,-,Marvel Comics,-,-99,-99
Weapon XI,bad,Male,-,-,-,Marvel Comics,-,-99,-99
White Queen,good,Female,blue,-,Blond,Marvel Comics,-,178,65
Wildfire,good,Male,-,-,-,DC Comics,-,-99,-99
Winter Soldier,good,Male,brown,Human,Brown,Marvel Comics,-,175,117
Wiz Kid,good,-,brown,-,Black,Marvel Comics,-,140,39
Wolfsbane,good,Female,green,-,Auburn,Marvel Comics,-,366,473
Wolverine,good,Male,blue,Mutant,Black,Marvel Comics,-,160,135
Wonder Girl,good,Female,blue,Demi-God,Blond,DC Comics,-,165,51
Wonder Man,good,Male,red,-,Black,Marvel Comics,-,188,171
Wonder Woman,good,Female,blue,Amazon,Black,DC Comics,-,183,74
Wondra,good,Female,-,-,-,Marvel Comics,-,-99,-99
Wyatt Wingfoot,good,Male,brown,-,Black,Marvel Comics,-,196,117
X-23,good,Female,green,Mutant / Clone,Black,Marvel Comics,-,155,50
X-Man,good,Male,blue,-,Brown,Marvel Comics,-,175,61
Yellow Claw,bad,Male,blue,-,No Hair,Marvel Comics,-,188,95
Yellowjacket,good,Male,blue,Human,Blond,Marvel Comics,-,183,83
Yellowjacket II,good,Female,blue,Human,Strawberry Blond,Marvel Comics,-,165,52
Ymir,good,Male,white,Frost Giant,No Hair,Marvel Comics,white,304.8,-99
Zatanna,good,Female,blue,Human,Black,DC Comics,-,170,57
Zoom,bad,Male,red,-,Brown,DC Comics,-,185,81
